{
  "rmse": 0.00017768240046703182,
  "mae": 7.508041612220269e-05,
  "r2": 0.5347710819633116,
  "mape_pct": 11958.785200805543,
  "n_test": 781644,
  "n_trees_used": 10,
  "top_features": {
    "energy_lag_96": 0.5445971488952637,
    "energy_lag_4": 0.20366324484348297,
    "building_age": 0.13658976554870605,
    "energy_lag_672": 0.07161086052656174,
    "rolling_mean_96": 0.030078591778874397,
    "apparent_temperature": 0.0040788049809634686,
    "rolling_std_672": 0.0030479689594358206,
    "temp_x_area": 0.002078194636851549,
    "energy_lag_24": 0.0011523623252287507,
    "temperature_2m": 0.0008792895823717117
  }
}