{
  "rmse": 0.0002163579025202709,
  "mae": 9.887628218586238e-05,
  "r2": 0.31019966419638123,
  "mape_pct": 14699.867763354516,
  "n_test": 781644,
  "n_trees_used": 10,
  "top_features": {
    "energy_lag_4": 0.5715292962746825,
    "energy_lag_96": 0.3767468297154913,
    "energy_lag_672": 0.013891638160999335,
    "building_age": 0.01087808166876435,
    "rolling_mean_672": 0.00817319613670415,
    "rolling_std_96": 0.005686797113357128,
    "rolling_std_672": 0.003870528451765648,
    "grossarea": 0.002934682852264051,
    "rolling_mean_96": 0.0023188400430309247,
    "temp_x_area": 0.0016738696310864068
  }
}