{
  "rmse": 4.7849168606813036e-05,
  "mae": 1.3415771291852543e-05,
  "r2": 0.9662614301880819,
  "mape_pct": 34.463338274911855,
  "n_test": 781644,
  "n_trees_used": 10,
  "top_features": {
    "energy_lag_4": 0.2671340327171311,
    "rolling_mean_672": 0.17686675967647653,
    "energy_lag_96": 0.17458402402213805,
    "rolling_mean_96": 0.09919630135259458,
    "energy_lag_24": 0.09872683315042749,
    "energy_lag_672": 0.06308037963963894,
    "rolling_std_96": 0.043141774389951024,
    "rolling_std_672": 0.041976233010110324,
    "temp_x_area": 0.013771161614773802,
    "apparent_temperature": 0.0038325162340570166
  }
}