{
  "rmse": 3.256267062511155e-05,
  "mae": 1.730916024199395e-05,
  "r2": 0.920182971654577,
  "mape_pct": 158376.04194222612,
  "n_test": 380968,
  "n_trees_used": 106,
  "top_features": {
    "energy_lag_4": 0.5572133660316467,
    "rolling_mean_96": 0.2192750871181488,
    "energy_lag_96": 0.16803786158561707,
    "rolling_mean_672": 0.021129963919520378,
    "energy_lag_672": 0.012637189589440823,
    "energy_lag_24": 0.008895330131053925,
    "building_age": 0.006601011846214533,
    "grossarea": 0.00621019396930933,
    "temperature_2m": 0.0,
    "relative_humidity_2m": 0.0
  }
}