{
  "rmse": 0.00034227428465555753,
  "mae": 6.940513373611691e-05,
  "r2": 0.9692513515520359,
  "mape_pct": 18296.165373726053,
  "n_test": 253212,
  "n_trees_used": 204,
  "top_features": {
    "energy_lag_4": 0.5558473467826843,
    "energy_lag_96": 0.2820318937301636,
    "rolling_mean_672": 0.09351261705160141,
    "rolling_mean_96": 0.042349718511104584,
    "building_age": 0.016188111156225204,
    "floorsaboveground": 0.001884276745840907,
    "energy_lag_672": 0.001840259530581534,
    "apparent_temperature": 0.0008437092765234411,
    "rolling_std_672": 0.0008095016819424927,
    "temp_x_area": 0.0006490902160294354
  }
}