{
  "rmse": 9.493330584525878e-05,
  "mae": 3.685689173056418e-05,
  "r2": 0.6538645557603402,
  "mape_pct": 5475.552346160815,
  "n_test": 432280,
  "n_trees_used": 166,
  "top_features": {
    "rolling_mean_96": 0.32273542881011963,
    "rolling_mean_672": 0.26816385984420776,
    "electricity_rolling_mean_96": 0.2208390086889267,
    "energy_lag_4": 0.04723990708589554,
    "energy_lag_96": 0.026254791766405106,
    "energy_lag_672": 0.01937529630959034,
    "electricity_concurrent": 0.009925859048962593,
    "temp_x_area": 0.00829325057566166,
    "cooling_lag_4": 0.006370523478835821,
    "electricity_lag_4": 0.005968248005956411
  }
}