iter	RMSE
0	0.0002812136293
1	0.0002680514236
2	0.0002555799349
3	0.0002437053421
4	0.0002324362589
5	0.0002217196819
6	0.0002115353038
7	0.0002018670397
8	0.0001926320492
9	0.0001838652664
