{
  "rmse": 0.00041991610431463483,
  "mae": 8.189243675803972e-05,
  "r2": 0.9678111962345587,
  "mape_pct": 18123.343030954733,
  "n_test": 253108,
  "n_trees_used": 339,
  "top_features": {
    "energy_lag_4": 0.5427036881446838,
    "energy_lag_96": 0.3070221543312073,
    "rolling_mean_672": 0.09039755910634995,
    "rolling_mean_96": 0.03836522996425629,
    "building_age": 0.009858854115009308,
    "energy_lag_672": 0.003161525819450617,
    "grossarea": 0.0030156495049595833,
    "rolling_std_672": 0.0010414915159344673,
    "apparent_temperature": 0.0008573295781388879,
    "temp_x_area": 0.000849427655339241
  }
}