{
  "rmse": 9.689004505122446e-05,
  "mae": 3.726588079873488e-05,
  "r2": 0.639448605195801,
  "mape_pct": 5516.664667943868,
  "n_test": 432280,
  "n_trees_used": 166,
  "top_features": {
    "rolling_mean_96": 0.41408228874206543,
    "rolling_mean_672": 0.36074090003967285,
    "energy_lag_4": 0.08789437264204025,
    "energy_lag_96": 0.044358931481838226,
    "energy_lag_672": 0.02981857769191265,
    "rolling_std_672": 0.014391926117241383,
    "floorsaboveground": 0.008259063586592674,
    "humidity_x_area": 0.007319553289562464,
    "grossarea": 0.005856259725987911,
    "temp_x_area": 0.005771785508841276
  }
}