{
  "utility": "COOLING",
  "n_buildings": 86,
  "n_features": 27,
  "n_samples_for_shap": 5000,
  "feature_importance_shap": {
    "energy_lag_4": 0.00059743836754933,
    "energy_lag_96": 0.0001695831451797858,
    "rolling_mean_96": 0.00011657469440251589,
    "energy_lag_672": 1.9884930225089192e-05,
    "cloud_cover": 1.8815018847817555e-05,
    "building_age": 1.1900439858436584e-05,
    "rolling_std_672": 1.0794330592034385e-05,
    "hour_of_day": 8.789556886767969e-06,
    "temp_x_area": 6.666168701485731e-06,
    "dew_point_2m": 5.477637387230061e-06,
    "rolling_mean_672": 5.0278340495424345e-06,
    "hdd": 2.6214297577098478e-06,
    "rolling_std_96": 2.605858526294469e-06,
    "relative_humidity_2m": 2.1929079139226815e-06,
    "direct_radiation": 1.914806944114389e-06,
    "energy_lag_24": 1.9112389963993337e-06,
    "humidity_x_area": 1.4241134067560779e-06,
    "precipitation": 1.0630272981870803e-06,
    "day_of_week": 1.0112844393006526e-06,
    "grossarea": 6.764572049178241e-07,
    "floorsaboveground": 4.3103875668748515e-07,
    "temperature_2m": 3.930025798126735e-07,
    "cdd": 2.817720599068707e-07,
    "wind_speed_10m": 2.7274145963929186e-07,
    "apparent_temperature": 1.4900297173880972e-07,
    "is_weekend": 1.979421426767658e-08,
    "minute_of_hour": 0.0
  },
  "top_buildings_explained": [
    "376",
    "388",
    "1018",
    "69",
    "41"
  ]
}