{
  "rmse": 0.0001590247224309115,
  "mae": 7.067256521707328e-05,
  "r2": 0.627344814498215,
  "mape_pct": 12597.413212897176,
  "n_test": 781644,
  "n_trees_used": 9,
  "top_features": {
    "energy_lag_4": 40.827881961938616,
    "energy_lag_96": 26.24098327941462,
    "energy_lag_672": 11.983004652747539,
    "building_age": 10.077007207193112,
    "rolling_mean_96": 3.114842122407889,
    "rolling_std_672": 2.8606485734880125,
    "apparent_temperature": 2.2531650938116647,
    "energy_lag_24": 1.3671445141606104,
    "grossarea": 1.275322594837903,
    "temperature_2m": 0.0
  }
}