{
  "rmse": 5.4226874082734224e-05,
  "mae": 1.3027788654610512e-05,
  "r2": 0.9566681713861015,
  "mape_pct": 1111.0616310042592,
  "n_test": 781644,
  "n_trees_used": 145,
  "top_features": {
    "energy_lag_96": 0.4881994426250458,
    "energy_lag_4": 0.23865893483161926,
    "energy_lag_672": 0.12923641502857208,
    "building_age": 0.0739920511841774,
    "rolling_mean_96": 0.03588012233376503,
    "rolling_std_672": 0.005669705104082823,
    "rolling_mean_672": 0.004653521813452244,
    "apparent_temperature": 0.003752706339582801,
    "grossarea": 0.0035796950105577707,
    "energy_lag_24": 0.0032097084913402796
  }
}