{
  "rmse": 0.002586086735696842,
  "mae": 0.0007636466634533264,
  "r2": 0.9713996076787783,
  "mape_pct": 7515.164222109975,
  "n_test": 72708,
  "n_trees_used": 233,
  "top_features": {
    "energy_lag_4": 0.6813749670982361,
    "rolling_mean_96": 0.17630146443843842,
    "energy_lag_24": 0.06295539438724518,
    "grossarea": 0.025543121621012688,
    "floorsaboveground": 0.01187124289572239,
    "rolling_mean_672": 0.011155963875353336,
    "building_age": 0.011126907542347908,
    "energy_lag_96": 0.007288097869604826,
    "energy_lag_672": 0.002988200867548585,
    "rolling_std_672": 0.0014329289551824331
  }
}