{
  "rmse": 9.508460006072893e-05,
  "mae": 3.6940438065873244e-05,
  "r2": 0.6587904975744316,
  "mape_pct": 5555.8615786650325,
  "n_test": 432388,
  "n_trees_used": 121,
  "top_features": {
    "rolling_mean_96": 0.5410774350166321,
    "rolling_mean_672": 0.22743487358093262,
    "energy_lag_96": 0.06116878241300583,
    "energy_lag_4": 0.04543900117278099,
    "energy_lag_672": 0.041019506752491,
    "floorsaboveground": 0.033749185502529144,
    "grossarea": 0.009360523894429207,
    "temp_x_area": 0.009132740087807178,
    "humidity_x_area": 0.00698263943195343,
    "rolling_std_96": 0.006189435254782438
  }
}