{
  "rmse": 5.8497808940560214e-05,
  "mae": 1.591311660663518e-05,
  "r2": 0.9495737031826941,
  "mape_pct": 127.59196842623336,
  "n_test": 781644,
  "n_trees_used": 10,
  "top_features": {
    "energy_lag_96": 0.22720763012378428,
    "rolling_mean_672": 0.20465996546381282,
    "energy_lag_4": 0.1941893160077247,
    "energy_lag_672": 0.10342203049779711,
    "rolling_mean_96": 0.08151537017440286,
    "rolling_std_672": 0.03831644552914231,
    "rolling_std_96": 0.035393238975152466,
    "humidity_x_area": 0.03253167078400889,
    "energy_lag_24": 0.024847100194411078,
    "building_age": 0.017643618386687626
  }
}