{
  "rmse": 5.505915442420142e-05,
  "mae": 1.3062413566919242e-05,
  "r2": 0.9549444466174986,
  "mape_pct": 1117.7596465637325,
  "n_test": 781716,
  "n_trees_used": 145,
  "top_features": {
    "energy_lag_96": 0.47884508967399597,
    "energy_lag_4": 0.2337191253900528,
    "energy_lag_672": 0.14083519577980042,
    "building_age": 0.07010233402252197,
    "rolling_mean_96": 0.03208981081843376,
    "rolling_std_672": 0.011086474172770977,
    "rolling_mean_672": 0.006129836197942495,
    "grossarea": 0.004444474820047617,
    "rolling_std_96": 0.0033216646406799555,
    "apparent_temperature": 0.00326043670065701
  }
}