{
  "rmse": 5.303468639737305e-05,
  "mae": 1.7406811980533472e-05,
  "r2": 0.9585525432838533,
  "mape_pct": 41.6735993682625,
  "n_test": 781644,
  "n_trees_used": 10,
  "top_features": {
    "energy_lag_4": 0.2610649249814889,
    "energy_lag_96": 0.18008461687642294,
    "rolling_mean_672": 0.16456276887069082,
    "rolling_mean_96": 0.128331872638994,
    "energy_lag_672": 0.09988834066798116,
    "rolling_std_96": 0.0408983957774255,
    "rolling_std_672": 0.04036932759801752,
    "energy_lag_24": 0.03579924049804134,
    "building_age": 0.01585149254026704,
    "temp_x_area": 0.008348514832479092
  }
}