{
  "rmse": 3.296972069501168e-05,
  "mae": 1.7421341271667987e-05,
  "r2": 0.9194931210618597,
  "mape_pct": 156567.6271919381,
  "n_test": 381208,
  "n_trees_used": 106,
  "top_features": {
    "energy_lag_4": 0.5181351900100708,
    "rolling_mean_672": 0.1569756120443344,
    "rolling_mean_96": 0.15689712762832642,
    "energy_lag_96": 0.13710585236549377,
    "energy_lag_24": 0.010093645192682743,
    "energy_lag_672": 0.009300964884459972,
    "building_age": 0.0063458518125116825,
    "grossarea": 0.005145814269781113,
    "temperature_2m": 0.0,
    "relative_humidity_2m": 0.0
  }
}