{
  "rmse": 80778.56658965221,
  "mae": 14801.048425098617,
  "r2": 0.3912547041822979,
  "mape_pct": 7139818304052.594,
  "n_test": 74736,
  "n_trees_used": 88,
  "top_features": {
    "rolling_std_96": 0.37392479181289673,
    "day_of_week": 0.06761879473924637,
    "is_weekend": 0.06347799301147461,
    "energy_lag_4": 0.05384838953614235,
    "rolling_mean_96": 0.051181528717279434,
    "hour_of_day": 0.035399436950683594,
    "dew_point_2m": 0.03519883751869202,
    "relative_humidity_2m": 0.027505626901984215,
    "temperature_2m": 0.026931798085570335,
    "apparent_temperature": 0.025915607810020447
  }
}