{
  "rmse": 0.0003620244334915952,
  "mae": 7.138914052237354e-05,
  "r2": 0.965600411020361,
  "mape_pct": 17316.944852377223,
  "n_test": 253212,
  "n_trees_used": 312,
  "top_features": {
    "energy_lag_4": 0.4972042143344879,
    "rolling_mean_96": 0.31319159269332886,
    "energy_lag_96": 0.16760405898094177,
    "building_age": 0.006942967884242535,
    "energy_lag_672": 0.0026364256627857685,
    "apparent_temperature": 0.002068786881864071,
    "floorsaboveground": 0.0015710573643445969,
    "temp_x_area": 0.00130508653819561,
    "rolling_mean_672": 0.001221387879922986,
    "cdd": 0.0010658003157004714
  }
}