{
  "rmse": 5.583218231130775e-05,
  "mae": 1.3152789094420964e-05,
  "r2": 0.9536704096387699,
  "mape_pct": 1094.9698415549897,
  "n_test": 781716,
  "n_trees_used": 170,
  "top_features": {
    "energy_lag_96": 0.39308929443359375,
    "energy_lag_4": 0.2310498207807541,
    "energy_lag_672": 0.15648750960826874,
    "rolling_mean_96": 0.10584370046854019,
    "building_age": 0.06949177384376526,
    "rolling_std_672": 0.011962524615228176,
    "temperature_2m": 0.0049443719908595085,
    "rolling_std_96": 0.0042025987058877945,
    "temp_x_area": 0.003946720156818628,
    "rolling_mean_672": 0.003631539875641465
  }
}