{
  "rmse": 3.2601718307465295e-05,
  "mae": 1.7312409207955264e-05,
  "r2": 0.9199914309366788,
  "mape_pct": 155043.94948660047,
  "n_test": 380968,
  "n_trees_used": 106,
  "top_features": {
    "energy_lag_4": 0.516607403755188,
    "rolling_mean_96": 0.16746565699577332,
    "energy_lag_96": 0.15038935840129852,
    "rolling_mean_672": 0.13374629616737366,
    "energy_lag_24": 0.011238005943596363,
    "energy_lag_672": 0.008536715060472488,
    "building_age": 0.006837852299213409,
    "grossarea": 0.005178786814212799,
    "temperature_2m": 0.0,
    "relative_humidity_2m": 0.0
  }
}