{
  "rmse": 0.0028765019701569305,
  "mae": 0.0008338992912924553,
  "r2": 0.9646153284542891,
  "mape_pct": 8095.066839199447,
  "n_test": 72708,
  "n_trees_used": 195,
  "top_features": {
    "energy_lag_4": 0.6622741222381592,
    "rolling_mean_96": 0.2651791572570801,
    "building_age": 0.012011390179395676,
    "floorsaboveground": 0.011729242280125618,
    "energy_lag_24": 0.01128567848354578,
    "rolling_mean_672": 0.010205176658928394,
    "grossarea": 0.006388499867171049,
    "energy_lag_96": 0.005914411041885614,
    "energy_lag_672": 0.005098700523376465,
    "rolling_std_672": 0.0015062742168083787
  }
}