{
  "rmse": 9.597583747272614e-05,
  "mae": 3.7124329641196764e-05,
  "r2": 0.6462204826485828,
  "mape_pct": 5574.166632584798,
  "n_test": 432280,
  "n_trees_used": 166,
  "top_features": {
    "rolling_mean_96": 0.5164811015129089,
    "rolling_mean_672": 0.24538561701774597,
    "energy_lag_96": 0.06103949621319771,
    "energy_lag_4": 0.057498715817928314,
    "energy_lag_672": 0.03057841770350933,
    "floorsaboveground": 0.02694537863135338,
    "temp_x_area": 0.010472409427165985,
    "humidity_x_area": 0.007811686024069786,
    "rolling_std_672": 0.006903626956045628,
    "building_age": 0.006884993053972721
  }
}