{
  "rmse": 5.42268854061342e-05,
  "mae": 1.3027799414183673e-05,
  "r2": 0.9566681532894036,
  "mape_pct": 1111.0305236441843,
  "n_test": 781644,
  "n_trees_used": 145,
  "top_features": {
    "energy_lag_96": 0.48819980025291443,
    "energy_lag_4": 0.23865880072116852,
    "energy_lag_672": 0.12923656404018402,
    "building_age": 0.07399207353591919,
    "rolling_mean_96": 0.035880137234926224,
    "rolling_std_672": 0.005669310223311186,
    "rolling_mean_672": 0.00465353112667799,
    "apparent_temperature": 0.0037526616360992193,
    "grossarea": 0.0035796307493001223,
    "energy_lag_24": 0.0032098013907670975
  }
}